{"Temperature": 25.0, "Pressure": 717.5, "Humidity": 69.8984375, "Roll": 0.0, "Pitch": 44.99764164792335, "Yaw": 14.999213882641115, "x": 0, "y": 0}